LONGITUDE,LATITUDE,boylam,enlem,ilkodu,il_title,il_upper,e_zayif,ez_belcev,ez_kalcac,ez_length,ez_weight,ez_vk_ind,e_normal,en_belcev,en_kalcac,en_length,en_weight,en_vk_ind,e_fazla,ef_belcev,ef_kalcac,ef_length,ef_weight,ef_vk_ind,e_evre1,ee1_belcev,ee1_kalcac,ee1_length,ee1_weight,ee1_vk_ind,e_evre2,ee2_belcev,ee2_kalcac,ee2_length,ee2_weight,ee2_vk_ind,e_evre3,ee3_belcev,ee3_kalcac,ee3_length,ee3_weight,ee3_vk_ind,k_zayif,kz_belcev,kz_kalcac,kz_length,kz_weight,kz_vk_ind,k_normal,kn_belcev,kn_kalcac,kn_length,kn_weight,kn_vk_ind,k_fazla,kf_belcev,kf_kalcac,kf_length,kf_weight,kf_vk_ind,k_evre1,ke1_belcev,ke1_kalcac,ke1_length,ke1_weight,ke1_vk_ind,k_evre2,ke2_belcev,ke2_kalcac,ke2_length,ke2_weight,ke2_vk_ind,k_evre3,ke3_belcev,ke3_kalcac,ke3_length,ke3_weight,ke3_vk_ind,eobez_sayi,kobez_sayi,toplam_obe,erkek_sayi,kadin_sayi,toplam_say,eobez_oran,kobez_oran,obez_oran,eobez_yuzd,kobez_yuzd,obez_yuzde
35.33368253° E,36.98451447° N,35.333683,36.984514,1.000000,Adana,ADANA,4036.000000,8.434100,9.744500,1.173500,23.763800,15.798200,10616.000000,50.775800,59.495200,1.637500,61.569800,22.400400,6330.000000,71.486400,78.058100,1.724700,81.265300,27.263100,2674.000000,82.633100,86.044500,1.715700,94.272000,31.954900,649.000000,89.163300,89.388300,1.712100,108.525900,36.898700,346.000000,84.679200,85.193600,1.576900,154.333800,136.864500,4244.000000,12.673400,15.884500,1.206000,24.890900,15.652800,10939.000000,47.780800,60.889800,1.570400,55.201600,22.067400,6840.000000,68.491700,81.444000,1.601700,70.564700,27.464900,5287.000000,82.233000,94.023600,1.592500,82.004900,32.293900,2748.000000,92.822800,104.387200,1.582300,93.092000,37.132600,1836.000000,98.287000,108.540300,1.541800,119.279300,72.096600,3669.000000,9871.000000,13540.000000,24651.000000,31894.000000,56545.000000,0.148838,0.309494,0.239455,14.883778,30.949395,23.945530
38.27676222° E,37.76600916° N,38.276762,37.766009,2.000000,Adýyaman,ADIYAMAN,1126.000000,12.900500,14.936900,1.410900,32.952300,15.836500,4016.000000,65.415800,72.934300,1.702400,65.042900,22.321100,3051.000000,83.567700,88.344500,1.719700,80.465900,27.161500,869.000000,92.449900,94.276200,1.705100,92.400500,31.727700,158.000000,97.974700,97.417700,1.697400,106.830400,36.931100,51.000000,92.705900,90.274500,1.412200,138.766700,111.817200,1253.000000,15.703900,19.719900,1.400600,32.447000,15.910500,3723.000000,59.806100,72.071700,1.591600,56.071000,22.046700,2917.000000,79.468300,91.071300,1.595200,69.858300,27.412900,1924.000000,88.055600,99.134100,1.583600,80.750600,32.163900,772.000000,93.071200,103.594600,1.568500,91.223700,37.024000,322.000000,96.217400,106.397500,1.482300,111.121700,64.411700,1078.000000,3018.000000,4096.000000,9271.000000,10911.000000,20182.000000,0.116277,0.276602,0.202953,11.627656,27.660159,20.295313
30.53684764° E,38.75811822° N,30.536848,38.758118,3.000000,Afyonkarahisar,AFYONKARAHÝSAR,2156.000000,10.032900,11.506500,1.376300,30.934400,15.488800,5569.000000,62.704600,70.740000,1.688000,63.713400,22.174600,4320.000000,89.475200,96.228900,1.715000,80.572400,27.345100,2049.000000,101.086400,104.356800,1.700500,92.751500,32.017500,490.000000,114.277600,113.067300,1.691900,105.755100,36.871600,144.000000,118.069400,115.590300,1.602500,124.934700,53.729500,2268.000000,15.635800,19.302900,1.362500,29.496800,14.693400,5893.000000,59.085200,72.645000,1.594500,56.097000,21.964000,5152.000000,84.968900,99.813500,1.595400,70.156800,27.526800,4727.000000,96.117800,110.885600,1.581900,81.151300,32.386600,2724.000000,104.266200,118.991200,1.566200,91.446500,37.221200,1550.000000,113.700600,129.918700,1.543600,109.252300,46.575700,2683.000000,9001.000000,11684.000000,14728.000000,22314.000000,37042.000000,0.182170,0.403379,0.315426,18.217002,40.337904,31.542573
43.05036198° E,39.71944314° N,43.050362,39.719443,4.000000,Aðrý,AÐRI,45.000000,25.311100,25.977800,1.334900,26.822200,13.261500,239.000000,68.606700,77.322200,1.722400,66.378700,22.279200,144.000000,83.104200,89.826400,1.732600,81.144800,26.975800,27.000000,87.333300,88.074100,1.743700,96.655600,31.721100,10.000000,85.500000,84.800000,1.716000,108.700000,36.683600,11.000000,52.727300,50.909100,1.400000,217.818200,108.115900,36.000000,27.333300,31.861100,1.330800,28.111100,13.530100,153.000000,56.790800,70.477100,1.616900,58.171200,22.219400,84.000000,70.488100,84.059500,1.616500,71.366700,27.273700,57.000000,76.315800,85.157900,1.603700,81.333300,31.588600,44.000000,94.363600,102.454500,1.588200,94.648900,37.459400,34.000000,101.470600,110.176500,1.462600,134.227900,83.038400,48.000000,135.000000,183.000000,476.000000,408.000000,884.000000,0.100840,0.330882,0.207014,10.084034,33.088235,20.701357
35.83337503° E,40.65100329° N,35.833375,40.651003,5.000000,Amasya,AMASYA,337.000000,9.249300,10.605300,1.407500,33.416900,16.168400,793.000000,54.681000,62.305200,1.671400,62.161600,22.070700,771.000000,88.500600,94.914400,1.700600,79.700500,27.487700,430.000000,100.251200,102.988400,1.697900,92.170500,31.913600,99.000000,111.727300,111.828300,1.698900,106.346500,36.780700,39.000000,99.564100,100.384600,1.402100,116.984600,105.923600,363.000000,13.702500,17.636400,1.382000,32.174900,16.322900,1149.000000,56.899000,69.436900,1.590900,55.904700,22.007600,1264.000000,85.156600,99.367900,1.582100,69.159200,27.586200,1214.000000,96.810500,110.010700,1.572100,80.117400,32.379500,664.000000,102.957800,116.388600,1.551800,89.455900,37.087200,361.000000,113.299200,127.872600,1.516800,108.335500,51.135800,568.000000,2239.000000,2807.000000,2469.000000,5015.000000,7484.000000,0.230053,0.446461,0.375067,23.005265,44.646062,37.506681
32.85291525° E,39.92979428° N,32.852915,39.929794,6.000000,Ankara,ANKARA,10600.000000,8.121300,9.427900,1.341900,30.221200,15.890700,32080.000000,40.999400,46.673100,1.700400,65.424700,22.394600,32797.000000,54.530400,59.135000,1.729300,81.830800,27.304400,12900.000000,65.124300,67.551200,1.716600,94.136100,31.885800,2760.000000,75.761600,75.955400,1.710400,108.119300,36.867700,1071.000000,65.833800,65.966400,1.460000,178.619600,220.034800,12520.000000,13.858700,17.336600,1.374600,31.594000,15.802600,40469.000000,39.445100,49.013500,1.604200,56.997400,22.048600,34362.000000,54.822200,64.786800,1.602700,70.692900,27.484300,27868.000000,66.092900,75.420200,1.588000,81.432800,32.250500,13380.000000,74.499700,83.879300,1.574600,92.097400,37.089500,7167.000000,81.295100,90.837400,1.513100,123.743600,82.723100,16731.000000,48415.000000,65146.000000,92208.000000,135766.000000,227974.000000,0.181448,0.356606,0.285761,18.144846,35.660622,28.576066
30.70400934° E,36.88908647° N,30.704009,36.889086,7.000000,Antalya,ANTALYA,11952.000000,7.978700,9.362400,1.276700,27.565800,15.738700,27271.000000,64.110800,72.973600,1.688600,64.477000,22.338400,28080.000000,86.070000,92.894200,1.721200,81.142600,27.338000,11994.000000,97.310400,100.481700,1.711600,93.666500,31.914400,2632.000000,107.747700,107.977200,1.710700,108.025600,36.839500,1373.000000,63.981800,63.953400,1.326300,117.417100,90.464400,13550.000000,14.130700,18.094200,1.320300,29.698100,15.816400,35398.000000,61.751500,76.803600,1.597400,56.663100,22.075300,28398.000000,80.710400,94.942000,1.595600,69.952000,27.439200,18926.000000,91.266700,104.304200,1.582900,80.803800,32.204900,8029.000000,100.335700,113.191900,1.572900,91.918500,37.093000,4885.000000,84.277600,95.026600,1.414300,106.559600,105.532900,15999.000000,31840.000000,47839.000000,83302.000000,109186.000000,192488.000000,0.192060,0.291612,0.248530,19.206021,29.161248,24.852978
41.82084914° E,41.18111974° N,41.820849,41.181120,8.000000,Artvin,ARTVÝN,61.000000,21.262300,22.114800,1.361800,29.894300,15.009500,333.000000,70.297300,80.477500,1.697400,65.147100,22.481600,315.000000,86.165100,93.155600,1.723100,81.366700,27.343200,133.000000,99.022600,105.135300,1.708900,93.536500,31.973400,45.000000,108.355600,112.066700,1.700700,106.555600,36.779800,19.000000,120.473700,127.842100,1.560500,177.268400,93.469600,82.000000,41.365900,48.756100,1.464400,32.357300,14.099700,323.000000,62.690400,76.501500,1.602900,56.644000,21.990200,273.000000,83.542100,96.648400,1.593500,70.164800,27.581400,228.000000,93.482500,106.807000,1.587600,81.881600,32.391200,108.000000,100.425900,114.259300,1.582300,92.882400,37.039100,91.000000,104.373600,117.175800,1.553400,145.934100,63.415800,197.000000,427.000000,624.000000,906.000000,1105.000000,2011.000000,0.217439,0.386425,0.310293,21.743929,38.642534,31.029339
27.84343113° E,37.84879244° N,27.843431,37.848792,9.000000,Aydýn,AYDIN,529.000000,12.603000,14.476400,1.408300,32.870300,15.911100,1746.000000,60.792700,67.721600,1.705100,64.949000,22.210200,1374.000000,85.727800,90.173200,1.725000,81.408400,27.303800,599.000000,98.298800,98.943200,1.710800,93.626700,31.922900,148.000000,104.155400,103.675700,1.699700,106.996600,36.961000,211.000000,40.924200,40.696700,1.281000,100.204700,71.975100,560.000000,19.026800,23.764300,1.418700,33.444800,15.998300,2027.000000,56.303900,67.932900,1.602500,56.381600,21.885100,1533.000000,82.551900,94.611200,1.592400,69.794100,27.472100,1102.000000,95.695100,107.206000,1.582600,81.007200,32.288600,519.000000,103.768800,114.682100,1.572100,91.622100,37.018600,616.000000,57.743500,63.956200,1.354900,100.874800,66.197400,958.000000,2237.000000,3195.000000,4607.000000,6357.000000,10964.000000,0.207944,0.351896,0.291408,20.794443,35.189555,29.140825
27.87398880° E,39.63782244° N,27.873989,39.637822,10.000000,Balýkesir,BALIKESÝR,2353.000000,9.862700,11.551200,1.428000,33.975600,16.111100,6772.000000,63.376300,71.989200,1.695200,64.306900,22.225500,5407.000000,87.075600,93.544700,1.713600,80.139700,27.237400,2256.000000,98.945500,101.636100,1.706700,93.033900,31.877100,433.000000,107.856800,107.390300,1.706900,107.850600,36.951700,173.000000,103.456600,101.369900,1.423100,142.125400,106.490800,2446.000000,14.610800,18.799300,1.421700,33.735800,16.188700,6986.000000,58.293000,72.720900,1.590000,55.797600,21.973500,5912.000000,81.014900,96.522700,1.593000,69.713700,27.431000,4642.000000,92.660700,107.799700,1.580300,80.712500,32.272000,2074.000000,100.847200,116.132600,1.570700,91.604800,37.073100,1000.000000,109.806000,126.263000,1.536700,111.936200,52.632000,2862.000000,7716.000000,10578.000000,17394.000000,23060.000000,40454.000000,0.164539,0.334605,0.261482,16.453950,33.460538,26.148218
29.98063490° E,40.14392000° N,29.980635,40.143920,11.000000,Bilecik,BÝLECÝK,301.000000,11.923600,13.199300,1.409400,32.415000,15.103600,812.000000,60.852200,67.933500,1.700500,64.133500,22.050700,742.000000,90.726400,96.196800,1.713500,80.728900,27.439900,382.000000,103.544500,106.664900,1.710200,93.940800,32.058600,112.000000,112.973200,112.928600,1.712800,108.641100,36.993300,37.000000,117.891900,117.486500,1.627300,124.627000,53.091200,345.000000,21.965200,28.339100,1.440100,34.485100,15.451600,1137.000000,61.028100,75.922600,1.595900,56.254300,22.012100,1099.000000,85.515000,101.587800,1.599000,70.342800,27.480900,953.000000,95.070300,109.955900,1.584600,81.000600,32.212800,491.000000,104.596700,119.537700,1.573200,91.765000,37.027500,196.000000,112.183700,128.648000,1.552300,109.689300,47.331300,531.000000,1640.000000,2171.000000,2386.000000,4221.000000,6607.000000,0.222548,0.388534,0.328591,22.254820,38.853352,32.859089
40.49685278° E,38.88471498° N,40.496853,38.884715,12.000000,Bingöl,BÝNGÖL,18.000000,0.722200,0.722200,1.320600,28.055600,13.785100,89.000000,57.404500,65.730300,1.712000,66.312400,22.440100,73.000000,76.835600,84.958900,1.752600,83.931500,27.284900,29.000000,93.275900,96.827600,1.729300,96.275900,32.145900,9.000000,116.000000,115.888900,1.736700,110.777800,36.725700,11.000000,73.181800,74.272700,1.498200,313.454500,182.754800,28.000000,17.071400,20.357100,1.295700,23.714300,11.200300,90.000000,63.488900,81.533300,1.620200,58.672200,22.179100,121.000000,80.256200,97.900800,1.621700,72.790100,27.655600,158.000000,98.613900,113.588600,1.608000,83.373400,32.219400,58.000000,101.913800,118.293100,1.588100,93.827600,37.168400,41.000000,96.658500,111.463400,1.449300,150.097600,93.590600,49.000000,257.000000,306.000000,229.000000,496.000000,725.000000,0.213974,0.518145,0.422069,21.397380,51.814516,42.206897
42.10763707° E,38.40435468° N,42.107637,38.404355,13.000000,Bitlis,BÝTLÝS,39.000000,31.256400,41.435900,1.293800,27.410300,15.588000,150.000000,48.113300,54.806700,1.723700,67.160000,22.544400,168.000000,73.464300,79.309500,1.734100,82.833300,27.506500,91.000000,86.439600,92.340700,1.712900,94.406600,32.100800,14.000000,89.571400,96.785700,1.679300,102.285700,36.207600,4.000000,56.000000,90.000000,1.700000,240.500000,83.196600,54.000000,29.777800,39.259300,1.356500,30.951900,15.544600,190.000000,52.910500,64.089500,1.619700,59.137900,22.500100,246.000000,75.947200,87.024400,1.618100,72.483700,27.660100,909.000000,107.584200,115.859200,1.607800,82.607400,31.923700,228.000000,108.250000,117.745600,1.601100,94.730700,36.905900,76.000000,95.118400,106.407900,1.475300,108.039500,58.258500,109.000000,1213.000000,1322.000000,466.000000,1703.000000,2169.000000,0.233906,0.712272,0.609497,23.390558,71.227246,60.949746
31.60296464° E,40.73318243° N,31.602965,40.733182,14.000000,Bolu,BOLU,595.000000,18.900800,22.556300,1.469300,36.655600,16.361300,2714.000000,67.791100,77.132300,1.696000,64.449900,22.281100,2416.000000,85.579500,92.377100,1.711800,80.127300,27.295200,996.000000,97.830300,101.162700,1.704500,92.890600,31.923000,207.000000,111.541100,111.700500,1.702700,106.732000,36.739400,53.000000,110.358500,111.490600,1.550600,136.264200,69.143100,748.000000,27.229900,35.288800,1.468900,36.840400,16.532600,3131.000000,62.110500,77.757600,1.592400,56.046200,22.054200,2661.000000,79.697100,94.043600,1.581200,68.904000,27.521200,2049.000000,91.370900,105.321100,1.573500,79.823700,32.195100,995.000000,101.926600,115.512600,1.560400,90.552900,37.116500,421.000000,110.874100,126.277900,1.518800,106.366500,50.642600,1256.000000,3465.000000,4721.000000,6981.000000,10005.000000,16986.000000,0.179917,0.346327,0.277935,17.991692,34.632684,27.793477
30.28323695° E,37.72041589° N,30.283237,37.720416,15.000000,Burdur,BURDUR,1032.000000,8.158900,9.814900,1.282500,28.232900,15.945300,2371.000000,70.116000,79.221400,1.676600,63.196500,22.240200,2379.000000,92.482600,98.417000,1.704900,79.649100,27.351600,1198.000000,103.238700,105.384000,1.694900,91.965300,31.953600,251.000000,115.717100,113.581700,1.696100,106.063700,36.799400,84.000000,105.357100,102.535700,1.457900,128.706000,80.963400,1146.000000,15.765300,20.478200,1.328300,29.959000,15.931700,3312.000000,65.832100,82.145800,1.588300,55.965700,22.079100,3204.000000,86.445700,101.415100,1.581200,68.857600,27.501700,2543.000000,96.219000,110.742800,1.571400,79.843300,32.294000,1152.000000,104.447000,118.609400,1.558800,90.346000,37.129500,527.000000,111.656500,126.354800,1.495600,108.471500,59.286700,1533.000000,4222.000000,5755.000000,7315.000000,11884.000000,19199.000000,0.209569,0.355268,0.299755,20.956938,35.526759,29.975520
29.05891579° E,40.19650080° N,29.058916,40.196501,16.000000,Bursa,BURSA,6905.000000,7.660000,9.078600,1.376800,31.411200,15.990300,16139.000000,59.355800,68.079800,1.692900,64.287100,22.206600,14541.000000,86.473300,94.161500,1.727500,81.650400,27.300000,6093.000000,98.692100,103.238100,1.719100,94.627400,31.956600,1228.000000,109.359900,111.199500,1.714700,108.602300,36.856100,441.000000,109.065800,111.229000,1.505500,130.302900,86.988400,7765.000000,14.745500,19.209100,1.391000,32.284100,16.073500,20695.000000,57.995400,73.199800,1.598400,56.343600,21.954700,18608.000000,82.304800,98.520700,1.603200,70.800000,27.509900,16207.000000,94.149600,109.631500,1.591600,82.054800,32.348400,7241.000000,102.508200,117.732500,1.578800,92.523600,37.063300,3481.000000,111.009800,126.959200,1.543600,108.924200,50.760800,7762.000000,26929.000000,34691.000000,45347.000000,73997.000000,119344.000000,0.171169,0.363920,0.290681,17.116899,36.392016,29.068072
26.40629366° E,40.14649807° N,26.406294,40.146498,17.000000,Çanakkale,ÇANAKKALE,1030.000000,9.711700,11.293200,1.366700,31.234400,16.093100,3582.000000,69.884700,79.344500,1.706800,65.862500,22.446900,3282.000000,90.138300,97.486900,1.729800,81.701000,27.248900,1215.000000,101.893800,105.609900,1.720600,94.731900,31.938900,315.000000,111.765100,113.146000,1.708300,107.912700,36.890300,122.000000,118.639300,120.975400,1.553200,134.473000,77.201500,1241.000000,18.562400,24.029800,1.381900,32.062900,16.113900,3989.000000,64.684600,80.881900,1.602800,56.830100,22.027100,2910.000000,84.748100,100.228900,1.603400,70.556100,27.406400,1938.000000,95.241500,110.295700,1.589800,81.411900,32.167400,986.000000,105.635900,120.847900,1.582600,93.153900,37.135000,467.000000,115.214100,131.074900,1.551900,112.446300,49.488800,1652.000000,3391.000000,5043.000000,9546.000000,11531.000000,21077.000000,0.173057,0.294077,0.239266,17.305678,29.407684,23.926555
33.61636771° E,40.59966342° N,33.616368,40.599663,18.000000,Çankýrý,ÇANKIRI,37.000000,11.810800,14.081100,1.344600,28.037800,15.058900,145.000000,48.600000,55.937900,1.697100,64.172400,22.135400,196.000000,68.801000,73.515300,1.707200,80.031600,27.406100,130.000000,79.184600,83.238500,1.695700,91.688500,31.816700,30.000000,102.166700,100.700000,1.693300,107.200000,37.316800,10.000000,84.800000,87.300000,1.562000,126.500000,65.768000,41.000000,17.707300,22.463400,1.412400,32.685600,14.702200,229.000000,48.039300,61.489100,1.616500,58.507900,22.338600,240.000000,69.825000,83.075000,1.593700,70.341700,27.649000,225.000000,77.955600,91.871100,1.580800,81.354200,32.517700,155.000000,90.438700,100.806500,1.569700,91.761300,37.197100,107.000000,94.887900,108.953300,1.547400,128.010400,64.127000,170.000000,487.000000,657.000000,548.000000,997.000000,1545.000000,0.310219,0.488465,0.425243,31.021898,48.846540,42.524272
34.95497358° E,40.55039136° N,34.954974,40.550391,19.000000,Çorum,ÇORUM,473.000000,10.585600,12.655400,1.411000,33.228300,15.982500,1199.000000,60.777300,68.998300,1.702200,64.883900,22.260700,1110.000000,81.116200,86.381100,1.709900,80.036900,27.313800,494.000000,92.574900,94.352200,1.704500,92.736000,31.857900,92.000000,100.467400,98.837000,1.693700,105.939100,36.862800,35.000000,87.057100,87.257100,1.477100,126.920000,64.798800,452.000000,15.752200,20.736700,1.419600,33.530800,15.978100,1150.000000,51.830400,67.066100,1.596400,55.902800,21.882100,910.000000,73.883500,88.274700,1.585500,69.126600,27.440700,812.000000,83.737700,96.013500,1.568400,79.427700,32.250800,414.000000,89.570000,99.806800,1.558800,90.394200,37.140300,233.000000,99.566500,110.326200,1.532200,120.676800,56.041700,621.000000,1459.000000,2080.000000,3403.000000,3971.000000,7374.000000,0.182486,0.367414,0.282072,18.248604,36.741375,28.207215
29.08603546° E,37.78175478° N,29.086035,37.781755,20.000000,Denizli,DENÝZLÝ,2473.000000,10.913900,12.763000,1.427600,34.122200,16.235000,8171.000000,60.861300,68.593400,1.684800,63.720200,22.270800,7330.000000,89.173400,95.346500,1.714900,80.580300,27.342200,3212.000000,102.768100,104.634800,1.703700,92.919400,31.954700,775.000000,114.743200,113.766500,1.703000,107.253300,36.913400,275.000000,116.058200,113.541800,1.588100,126.149800,65.273500,2916.000000,21.244200,26.501000,1.453200,35.333200,16.280100,9606.000000,59.408800,72.940500,1.595900,56.212200,21.992500,8324.000000,85.898400,99.869400,1.594300,69.979700,27.495900,6544.000000,97.682300,110.290200,1.580900,80.791300,32.282800,3172.000000,106.395600,118.423100,1.567700,91.345300,37.112000,1747.000000,115.189500,128.075000,1.537000,108.554300,49.477000,4262.000000,11463.000000,15725.000000,22236.000000,32309.000000,54545.000000,0.191671,0.354793,0.288294,19.167116,35.479278,28.829407
40.21721253° E,37.91362910° N,40.217213,37.913629,21.000000,Diyarbakýr,DÝYARBAKIR,248.000000,8.669400,10.637100,1.403800,35.120800,15.671000,726.000000,60.356700,69.410500,1.677700,63.783100,22.298100,644.000000,85.661500,92.021700,1.722100,81.107100,27.281900,331.000000,96.401800,98.812700,1.720400,94.846800,31.970600,80.000000,102.037500,100.062500,1.734800,111.562500,37.010300,57.000000,74.964900,74.789500,1.398200,180.243900,117.017000,277.000000,20.758100,26.722000,1.352900,31.540800,15.332000,817.000000,60.998800,75.463900,1.598100,57.009100,22.113600,813.000000,84.328400,98.560900,1.610600,71.486800,27.509500,824.000000,90.294900,102.515800,1.598300,82.715400,32.340100,517.000000,102.330800,114.934200,1.584600,93.352800,37.132100,347.000000,97.489900,109.812700,1.519500,124.736900,64.537300,468.000000,1688.000000,2156.000000,2086.000000,3595.000000,5681.000000,0.224353,0.469541,0.379511,22.435283,46.954103,37.951065
26.55241246° E,41.67642478° N,26.552412,41.676425,22.000000,Edirne,EDÝRNE,1154.000000,10.470500,12.234000,1.358400,31.174700,16.154300,4608.000000,72.508700,81.905200,1.703200,65.766400,22.512000,4111.000000,91.076100,97.951400,1.725500,81.189200,27.212600,1590.000000,103.322000,105.932100,1.716900,94.416500,31.972700,343.000000,111.795900,111.358600,1.710700,108.609900,37.038900,106.000000,124.971700,124.613200,1.638800,128.551900,57.341500,1330.000000,16.941400,21.918000,1.382400,32.373900,16.198100,4552.000000,66.416500,81.977400,1.606800,57.140700,22.059600,3607.000000,85.354300,99.295000,1.601800,70.418000,27.410200,2402.000000,96.912600,109.953000,1.587900,81.223300,32.165900,1009.000000,104.363700,118.446000,1.576100,92.172900,37.045000,434.000000,114.119800,129.023000,1.547200,109.694500,47.281000,2039.000000,3845.000000,5884.000000,11912.000000,13334.000000,25246.000000,0.171172,0.288361,0.233067,17.117193,28.836058,23.306662
39.22912261° E,38.67313150° N,39.229123,38.673132,23.000000,Elazýð,ELAZIÐ,126.000000,8.492100,9.365100,1.177400,12.988300,6.764700,183.000000,68.284200,77.923500,1.721000,67.173800,22.509100,120.000000,82.233300,88.450000,1.732500,81.389200,27.076500,47.000000,99.787200,102.617000,1.702300,93.323400,32.060100,18.000000,119.555600,119.388900,1.728900,110.144400,36.813900,26.000000,104.884600,105.884600,1.609600,129.326900,54.487200,354.000000,13.268400,14.550800,1.115600,6.514300,3.582000,166.000000,54.915700,66.704800,1.619200,58.226500,22.138200,152.000000,73.217100,81.894700,1.613600,72.116400,27.655100,136.000000,94.875000,103.227900,1.604300,83.182400,32.283200,112.000000,105.053600,109.973200,1.582900,93.900400,37.444500,171.000000,111.491200,114.818700,1.571500,131.738600,54.540200,91.000000,419.000000,510.000000,520.000000,1091.000000,1611.000000,0.175000,0.384051,0.316574,17.500000,38.405133,31.657356
39.47915161° E,39.74846809° N,39.479152,39.748468,24.000000,Erzincan,ERZÝNCAN,296.000000,6.861500,8.223000,1.331000,29.699000,15.868800,649.000000,45.422200,51.958400,1.686100,63.508300,22.154000,689.000000,71.836000,76.836000,1.712600,80.413100,27.359100,387.000000,88.741600,91.449600,1.703000,92.680900,31.898900,109.000000,101.550500,100.596300,1.700400,107.146800,37.000700,44.000000,97.250000,97.886400,1.527500,161.659100,99.961400,303.000000,12.217800,15.498300,1.353200,30.500000,15.778400,692.000000,50.822300,63.235500,1.585400,56.150400,22.198400,1005.000000,73.635800,86.890500,1.589700,69.979300,27.640200,1093.000000,86.705400,98.822500,1.579200,80.572500,32.270700,584.000000,96.758600,109.287700,1.564800,91.146700,37.173500,289.000000,105.885800,119.055400,1.513000,111.440800,56.832000,540.000000,1966.000000,2506.000000,2174.000000,3966.000000,6140.000000,0.248390,0.495714,0.408143,24.839006,49.571357,40.814332
41.27401458° E,39.90616384° N,41.274015,39.906164,25.000000,Erzurum,ERZURUM,93.000000,45.645200,46.634400,1.305100,22.855900,11.165100,382.000000,66.002600,69.986900,1.677800,63.171200,22.261200,233.000000,82.519300,85.858400,1.696200,78.949800,27.357600,132.000000,96.348500,96.068200,1.691000,91.735200,31.970800,28.000000,112.821400,111.535700,1.673600,104.797500,37.151200,53.000000,93.981100,85.830200,1.281700,220.388700,143.901900,176.000000,76.386400,79.426100,1.209000,14.361400,6.493500,358.000000,63.251400,70.502800,1.593400,56.788100,22.257400,280.000000,84.228600,92.478600,1.591900,69.960500,27.510400,343.000000,96.142900,107.489800,1.582100,81.210900,32.405000,222.000000,104.414400,115.482000,1.573400,92.302700,37.202100,266.000000,110.090200,117.447400,1.407100,131.566700,83.383100,213.000000,831.000000,1044.000000,921.000000,1645.000000,2566.000000,0.231270,0.505167,0.406859,23.127036,50.516717,40.685892
30.51334217° E,39.76763184° N,30.513342,39.767632,26.000000,Eskiþehir,ESKÝÞEHÝR,396.000000,10.919200,11.886400,1.309500,25.051800,11.473000,1154.000000,33.890800,38.537300,1.712500,65.632300,22.216800,1395.000000,50.718300,53.824400,1.722900,81.723800,27.467800,879.000000,62.138800,63.351500,1.721200,95.135900,32.051600,196.000000,66.673500,67.158200,1.696300,106.285700,36.855700,93.000000,74.795700,70.752700,1.597400,146.645200,63.066700,586.000000,23.423200,25.950500,1.285600,22.970500,10.488000,1416.000000,39.033200,47.880600,1.612000,57.970300,22.242400,2355.000000,49.141400,57.191500,1.604900,71.187300,27.602400,2546.000000,60.973300,69.390800,1.592200,82.338500,32.439200,1196.000000,65.949000,75.064400,1.580800,92.907300,37.124400,704.000000,77.110800,87.495700,1.535800,117.715100,57.411900,1168.000000,4446.000000,5614.000000,4113.000000,8803.000000,12916.000000,0.283978,0.505055,0.434655,28.397763,50.505509,43.465469
37.36916829° E,37.06144923° N,37.369168,37.061449,27.000000,Gaziantep,GAZÝANTEP,2077.000000,6.365900,7.470400,1.313300,28.212100,15.369200,2993.000000,53.665900,61.886100,1.670200,62.079300,21.965200,2345.000000,84.689100,91.090400,1.718200,81.093800,27.417200,1228.000000,96.730500,98.855000,1.711800,94.075200,32.052300,315.000000,108.457100,108.984100,1.705600,107.692100,36.937800,138.000000,104.724600,104.536200,1.524300,124.920300,125.774400,2323.000000,7.387400,9.365500,1.290600,26.208000,14.470400,4096.000000,53.689200,66.283700,1.587200,55.828600,22.036400,4489.000000,79.013400,93.521900,1.602400,70.968800,27.607600,4521.000000,90.935600,104.599000,1.588300,81.697200,32.344400,2441.000000,99.569800,112.967600,1.578900,92.742800,37.156400,1429.000000,105.757200,119.904100,1.544200,111.858500,55.180600,1681.000000,8391.000000,10072.000000,9096.000000,19299.000000,28395.000000,0.184807,0.434789,0.354710,18.480651,43.478937,35.471034
38.38601514° E,40.91947922° N,38.386015,40.919479,28.000000,Giresun,GÝRESUN,873.000000,10.791500,12.483400,1.377000,31.251500,15.929600,2577.000000,50.404300,57.773800,1.680100,63.395400,22.253500,2597.000000,71.088200,76.826700,1.713000,80.507000,27.374000,1188.000000,80.090100,83.171700,1.707500,93.317300,31.947900,245.000000,96.726500,98.310200,1.706700,107.181600,36.707000,169.000000,55.124300,54.278100,1.346300,438.091700,506.612800,959.000000,18.255500,21.700700,1.377300,30.147000,15.413100,2690.000000,47.556100,60.005900,1.579700,55.392500,22.080700,2618.000000,68.973300,80.776200,1.594100,69.918800,27.462900,2252.000000,80.397400,90.108800,1.581700,80.996400,32.321500,1107.000000,87.910600,97.156300,1.569000,91.469700,37.098300,706.000000,79.830000,87.250700,1.453500,248.327500,208.778300,1602.000000,4065.000000,5667.000000,7649.000000,10332.000000,17981.000000,0.209439,0.393438,0.315166,20.943914,39.343786,31.516601
39.47826124° E,40.45842724° N,39.478261,40.458427,29.000000,Gümüþhane,GÜMÜÞHANE,16.000000,18.375000,20.812500,1.500000,37.243700,16.090300,143.000000,65.363600,73.930100,1.712400,65.748300,22.371800,166.000000,82.030100,87.855400,1.720400,81.361400,27.450300,82.000000,100.792700,102.975600,1.708700,93.609800,32.021600,14.000000,121.714300,121.357100,1.711400,108.214300,36.850400,5.000000,56.200000,57.000000,1.392000,416.800000,237.135300,44.000000,53.386400,62.318200,1.533900,34.218200,14.569400,269.000000,68.319700,85.817800,1.607900,57.737900,22.322000,375.000000,80.952000,94.469300,1.607500,71.192000,27.486000,234.000000,93.081200,106.645300,1.579500,80.906000,32.400500,105.000000,102.438100,115.142900,1.565900,90.885700,37.009100,51.000000,107.960800,119.490200,1.513500,155.180400,78.639200,101.000000,390.000000,491.000000,426.000000,1078.000000,1504.000000,0.237089,0.361781,0.326463,23.708920,36.178108,32.646277
43.73766664° E,37.57564813° N,43.737667,37.575648,30.000000,Hakkari,HAKKARÝ,23.000000,17.260900,19.739100,1.285200,24.787000,12.954800,101.000000,61.594100,70.802000,1.722500,66.972300,22.483200,78.000000,78.910300,86.128200,1.736900,81.921800,27.088300,29.000000,90.206900,94.931000,1.716900,92.375900,31.303200,7.000000,98.285700,102.000000,1.708600,107.285700,36.736900,5.000000,51.600000,54.400000,1.026000,81.800000,100.899000,18.000000,20.000000,26.055600,1.377200,30.777800,13.595900,79.000000,59.088600,74.481000,1.624900,57.712700,21.879500,47.000000,79.489400,94.446800,1.612800,71.800000,27.597200,40.000000,90.675000,103.050000,1.594000,82.925000,32.570300,13.000000,98.923100,113.153800,1.557700,87.538500,36.043400,11.000000,92.272700,96.090900,1.295500,104.000000,85.072400,41.000000,64.000000,105.000000,243.000000,208.000000,451.000000,0.168724,0.307692,0.232816,16.872428,30.769231,23.281596
36.15888928° E,36.19888195° N,36.158889,36.198882,31.000000,Hatay,HATAY,1046.000000,5.297300,6.176900,1.327200,29.083000,15.024900,2272.000000,39.525500,45.624600,1.687700,63.618700,22.090600,1739.000000,62.638300,68.222500,1.728800,81.695200,27.268500,897.000000,78.392400,81.112600,1.719100,94.795500,32.023300,277.000000,93.451300,92.660600,1.715500,109.306900,37.077300,152.000000,88.796100,87.953900,1.499000,135.835500,74.113900,1299.000000,6.917600,8.720600,1.268800,24.115000,12.677400,2251.000000,39.105300,48.798800,1.590300,55.536800,21.835700,1701.000000,66.475000,78.320400,1.600600,70.526400,27.474000,1571.000000,79.044600,89.695700,1.593000,82.036100,32.286000,907.000000,89.470800,100.854500,1.583400,93.430900,37.208900,620.000000,90.153200,101.441900,1.483900,114.355300,63.982700,1326.000000,3098.000000,4424.000000,6383.000000,8349.000000,14732.000000,0.207739,0.371062,0.300299,20.773931,37.106240,30.029867
30.54808316° E,37.75921425° N,30.548083,37.759214,32.000000,Isparta,ISPARTA,2348.000000,3.997000,4.657200,1.305000,28.469300,15.936900,4291.000000,49.189200,54.847400,1.665000,62.213800,22.133800,4144.000000,73.192300,78.070200,1.707800,79.850900,27.322100,1820.000000,86.376400,89.238500,1.697900,92.169500,31.920700,399.000000,102.335800,102.666700,1.686100,104.908800,36.806100,147.000000,99.183700,99.884400,1.529000,154.102000,109.254300,2554.000000,8.342600,10.323800,1.319000,29.090900,15.836300,5196.000000,51.911300,62.669400,1.581900,55.452600,22.010600,4968.000000,73.833500,84.951900,1.587000,69.376200,27.509900,3810.000000,87.053500,99.047800,1.574000,80.114000,32.291400,1863.000000,96.987100,108.864200,1.559000,90.366700,37.120200,914.000000,104.750500,117.459500,1.538500,110.505400,50.466500,2366.000000,6587.000000,8953.000000,13149.000000,19305.000000,32454.000000,0.179938,0.341207,0.275867,17.993764,34.120694,27.586738
34.63377525° E,36.80125210° N,34.633775,36.801252,33.000000,Mersin,MERSÝN,691.000000,10.332900,11.296700,1.195100,22.743800,14.298500,1226.000000,54.119100,60.934700,1.681600,63.621900,22.176800,1223.000000,72.512700,76.889600,1.711000,80.626700,27.476400,710.000000,85.194400,85.642300,1.710800,94.069900,32.093200,186.000000,98.693500,96.510800,1.704900,108.053800,37.120100,523.000000,21.166300,20.944600,1.462100,173.876300,100.728500,1031.000000,15.042700,17.388900,1.155000,17.707900,10.778500,1478.000000,51.179300,62.056800,1.579400,55.258300,21.918100,1577.000000,70.626500,81.201600,1.600200,70.472300,27.486100,1492.000000,82.331800,92.730600,1.589300,81.651900,32.281100,689.000000,88.072600,98.108900,1.580700,92.904400,37.132900,1287.000000,31.481700,35.229200,1.345300,163.489300,110.197300,1419.000000,3468.000000,4887.000000,4559.000000,7554.000000,12113.000000,0.311252,0.459095,0.403451,31.125247,45.909452,40.345084
28.97589975° E,41.01227385° N,28.975900,41.012274,34.000000,Ýstanbul,ÝSTANBUL,8408.000000,7.525100,8.931000,1.497800,37.251500,15.872600,31217.000000,30.248900,34.568900,1.697200,64.386800,22.231000,19559.000000,56.977200,61.715000,1.712800,80.249800,27.285400,9244.000000,63.514300,65.756200,1.695400,92.140300,31.975200,2134.000000,85.815800,85.963900,1.711800,108.507400,36.920600,3168.000000,35.857600,36.852900,1.449600,193.732600,101.383700,10802.000000,13.991700,17.932800,1.547300,40.038500,16.022700,47222.000000,29.266400,36.658400,1.644200,59.845200,22.075400,26159.000000,52.345100,61.924400,1.614600,71.622500,27.426100,19648.000000,68.636800,78.203300,1.595200,82.076900,32.217900,9264.000000,87.565000,98.279100,1.580400,92.963100,37.158800,9159.000000,65.486400,73.176100,1.494400,151.840100,75.719500,14546.000000,38071.000000,52617.000000,73730.000000,122254.000000,195984.000000,0.197287,0.311409,0.268476,19.728740,31.140903,26.847600
27.17186611° E,38.43414428° N,27.171866,38.434144,35.000000,Ýzmir,ÝZMÝR,4943.000000,12.034600,14.238300,1.394700,31.765000,15.755100,15179.000000,61.969200,71.932400,1.708600,65.796800,22.344600,13640.000000,81.166900,88.523500,1.733700,82.188200,27.286300,5421.000000,92.308400,95.897400,1.724800,95.237800,31.952900,1327.000000,102.981900,104.071600,1.721500,109.489000,36.861000,493.000000,104.395500,104.158200,1.582000,142.599000,79.406500,5979.000000,20.894600,27.209900,1.422700,33.581600,15.957900,19219.000000,59.340500,75.245300,1.609400,57.102800,21.954300,14551.000000,75.761800,90.797000,1.604600,70.718800,27.427700,10424.000000,86.538600,100.035000,1.592000,81.872800,32.256300,4793.000000,95.231400,108.111200,1.581900,93.160100,37.170300,2722.000000,105.662400,119.910700,1.542500,117.481200,89.694600,7241.000000,17939.000000,25180.000000,41003.000000,57688.000000,98691.000000,0.176597,0.310966,0.255140,17.659683,31.096589,25.513978
43.09507856° E,40.60288964° N,43.095079,40.602890,36.000000,Kars,KARS,123.000000,9.926800,11.471500,1.402700,31.618700,15.308800,374.000000,64.336900,72.815500,1.708900,65.421400,22.275500,282.000000,86.698600,94.212800,1.721700,80.912400,27.229900,125.000000,97.264000,101.816000,1.713300,93.685600,31.863200,18.000000,109.888900,109.222200,1.707200,107.500000,36.847300,16.000000,65.750000,67.812500,1.217500,205.187500,242.264700,123.000000,19.081300,22.682900,1.392200,31.503300,15.416400,361.000000,59.781200,71.049900,1.603600,56.310200,21.840300,243.000000,85.930000,97.617300,1.608600,71.048100,27.425100,157.000000,99.280300,111.197500,1.591700,81.713400,32.212300,69.000000,105.811600,117.942000,1.595400,94.065200,36.913200,50.000000,95.980000,104.980000,1.415800,146.924000,99.530000,159.000000,276.000000,435.000000,938.000000,1003.000000,1941.000000,0.169510,0.275174,0.224111,16.950959,27.517448,22.411128
33.77874953° E,41.37577073° N,33.778750,41.375771,37.000000,Kastamonu,KASTAMONU,198.000000,15.676800,17.949500,1.366200,30.268200,15.676900,1245.000000,66.480300,72.950200,1.686100,65.520100,22.904900,954.000000,83.805000,88.328100,1.698000,79.680600,27.578000,433.000000,89.039300,90.558900,1.695600,92.317600,32.044800,143.000000,101.028000,101.132900,1.686900,105.437800,36.988800,50.000000,94.080000,94.980000,1.587600,204.564000,118.541200,223.000000,19.982100,23.861000,1.391500,31.205600,15.420600,1644.000000,58.947100,70.542000,1.604600,58.404300,22.620100,1060.000000,70.186800,80.240600,1.589800,69.807900,27.560000,850.000000,80.194100,90.090600,1.582900,81.037100,32.301700,482.000000,90.437800,102.068500,1.569000,91.712800,37.202900,265.000000,96.554700,106.969800,1.552300,117.374700,50.360900,626.000000,1597.000000,2223.000000,3023.000000,4524.000000,7547.000000,0.207079,0.353006,0.294554,20.707906,35.300619,29.455413
35.48863447° E,38.72229229° N,35.488634,38.722292,38.000000,Kayseri,KAYSERÝ,736.000000,8.346500,9.614100,1.298700,28.522100,15.871600,1981.000000,40.359400,45.666800,1.685500,64.336200,22.407800,2671.000000,53.701200,57.522300,1.712400,80.897400,27.489600,1856.000000,64.209600,66.435900,1.707800,93.635200,32.032200,494.000000,74.878500,75.987900,1.700800,106.977700,36.882900,203.000000,72.783300,72.940900,1.523200,165.047800,116.148200,898.000000,13.023400,16.154800,1.321500,29.122300,15.765800,2607.000000,39.245900,48.388200,1.593100,56.856100,22.272600,4366.000000,55.737500,64.956900,1.598000,70.829100,27.692300,6080.000000,68.511200,77.039000,1.588300,81.751200,32.369600,3453.000000,74.661700,83.160400,1.572500,91.878200,37.110400,2044.000000,80.247600,89.332700,1.538100,118.749000,59.356200,2553.000000,11577.000000,14130.000000,7941.000000,19448.000000,27389.000000,0.321496,0.595280,0.515901,32.149603,59.527972,51.590054
27.21885739° E,41.73592412° N,27.218857,41.735924,39.000000,Kýrklareli,KIRKLARELÝ,787.000000,10.456200,12.200800,1.474500,36.654800,16.203600,3509.000000,52.198600,59.640400,1.700700,64.607700,22.233800,3004.000000,86.085900,92.472400,1.723800,81.602700,27.406800,1475.000000,97.375600,99.924700,1.709200,93.714900,32.022100,351.000000,114.139600,114.188000,1.716800,109.010300,36.892100,105.000000,113.504800,112.400000,1.602300,127.155200,62.341900,966.000000,20.285700,26.859200,1.504700,38.579800,16.444800,4362.000000,45.565600,57.863100,1.630400,58.748900,22.062000,3127.000000,77.092400,92.194100,1.602400,70.730200,27.501200,2403.000000,89.119400,103.295500,1.588500,81.523800,32.269900,1178.000000,105.035700,119.723300,1.568400,91.731300,37.231800,667.000000,113.934000,130.215900,1.542900,109.169400,48.521100,1931.000000,4248.000000,6179.000000,9231.000000,12703.000000,21934.000000,0.209186,0.334409,0.281709,20.918644,33.440919,28.170876
34.15977290° E,39.14642722° N,34.159773,39.146427,40.000000,Kýrþehir,KIRÞEHÝR,11.000000,15.727300,17.272700,1.357300,26.572700,13.632000,73.000000,50.575300,59.808200,1.700800,64.450700,22.106800,68.000000,71.117600,75.691200,1.720900,81.382400,27.418100,34.000000,74.941200,76.676500,1.721500,94.735300,31.892500,7.000000,88.428600,86.857100,1.744300,115.571400,37.891200,4.000000,33.250000,33.250000,1.525000,331.000000,131.009200,22.000000,21.954500,28.227300,1.336800,27.486400,12.237400,95.000000,52.284200,65.421100,1.632000,59.673700,22.376600,74.000000,61.743200,72.932400,1.591800,69.306800,27.316000,80.000000,78.737500,90.912500,1.599200,82.512500,32.187300,48.000000,88.041700,99.770800,1.595200,94.583300,37.125300,36.000000,100.000000,115.750000,1.548900,105.000000,44.098100,45.000000,164.000000,209.000000,197.000000,355.000000,552.000000,0.228426,0.461972,0.378623,22.842640,46.197183,37.862319
29.92161751° E,40.76475125° N,29.921618,40.764751,41.000000,Kocaeli,KOCAELÝ,3465.000000,6.570300,7.749200,1.397600,32.181900,15.930800,8143.000000,50.713000,58.620300,1.689600,63.820500,22.121200,5476.000000,78.943600,87.087500,1.727400,81.362400,27.203700,1950.000000,90.805100,96.469200,1.715700,94.118900,31.892100,372.000000,109.142500,111.497300,1.711000,108.243000,36.919100,336.000000,64.997000,68.514900,1.328500,200.937200,131.131300,3919.000000,14.501700,18.423100,1.412000,32.745300,15.916600,9478.000000,47.055300,59.286300,1.614400,57.214100,21.812200,5859.000000,72.999700,86.872000,1.617700,71.767300,27.377000,4125.000000,88.792000,102.618200,1.597400,82.304900,32.216000,1817.000000,102.984600,116.856900,1.589400,93.790000,37.070900,1262.000000,95.703600,107.660100,1.463800,143.574000,80.345700,2658.000000,7204.000000,9862.000000,19742.000000,26460.000000,46202.000000,0.134637,0.272260,0.213454,13.463681,27.226002,21.345396
32.49598144° E,37.87230952° N,32.495981,37.872310,42.000000,Konya,KONYA,3735.000000,8.097500,9.164700,1.271500,26.064500,14.909400,7125.000000,55.107600,61.805300,1.684300,63.805900,22.174600,7493.000000,78.190700,82.722500,1.723500,81.584500,27.405400,3993.000000,94.205900,95.778400,1.715700,94.317800,31.991200,945.000000,105.512200,105.200000,1.711500,108.157600,36.849000,301.000000,103.631200,103.378700,1.577100,183.665800,93.352900,4289.000000,11.800900,14.879900,1.270100,25.096800,14.024400,8395.000000,56.926600,71.259600,1.592000,56.354500,22.085100,10926.000000,80.470100,96.112900,1.601700,70.990800,27.635900,11371.000000,92.103700,107.568000,1.590600,81.935000,32.346700,5788.000000,101.321000,116.652000,1.577200,92.474100,37.127200,3019.000000,109.492200,125.752200,1.550700,116.609800,49.960000,5239.000000,20178.000000,25417.000000,23592.000000,43788.000000,67380.000000,0.222067,0.460811,0.377219,22.206680,46.081118,37.721876
29.98437311° E,39.41958513° N,29.984373,39.419585,43.000000,Kütahya,KÜTAHYA,454.000000,11.618900,13.614500,1.405500,32.480200,15.409200,1415.000000,69.421900,79.191500,1.703300,64.772200,22.175700,1422.000000,92.909300,100.121700,1.719400,81.271000,27.437200,728.000000,103.862600,107.065900,1.698500,92.299200,31.927900,196.000000,113.923500,114.872400,1.701100,106.806100,36.812900,45.000000,122.066700,119.777800,1.637100,145.933300,76.036900,572.000000,22.753500,29.573400,1.425200,34.011700,15.965500,2057.000000,65.658200,82.903700,1.598200,56.662100,22.127200,1984.000000,86.203600,103.074600,1.585200,69.466600,27.600900,2098.000000,96.111100,112.101500,1.578900,80.828500,32.375200,1277.000000,104.354700,120.866100,1.563600,91.053300,37.188100,709.000000,111.633300,129.187600,1.542000,115.615500,55.148200,969.000000,4084.000000,5053.000000,4260.000000,8697.000000,12957.000000,0.227465,0.469587,0.389982,22.746479,46.958721,38.998225
38.31344637° E,38.34149964° N,38.313446,38.341500,44.000000,Malatya,MALATYA,1684.000000,8.647300,10.015400,1.393500,32.132200,15.675300,4521.000000,58.954400,65.949100,1.686100,63.606700,22.150900,3124.000000,87.312700,93.131900,1.721000,80.922400,27.252900,1078.000000,99.068600,102.123400,1.718600,94.474100,31.927400,180.000000,107.761100,110.461100,1.702100,107.016700,36.832600,109.000000,95.137600,98.908300,1.297400,123.119300,123.042500,1831.000000,12.172000,15.435300,1.372300,30.729600,15.292800,4615.000000,56.668300,68.896600,1.602000,56.608200,21.938700,3421.000000,82.606300,96.616200,1.607100,70.968700,27.440900,2611.000000,94.672200,108.029100,1.592000,82.005900,32.315200,1062.000000,101.137500,114.081000,1.579200,92.669300,37.103500,534.000000,108.359600,123.831500,1.513600,108.794200,57.621100,1367.000000,4207.000000,5574.000000,10696.000000,14074.000000,24770.000000,0.127805,0.298920,0.225030,12.780479,29.891999,22.503028
27.43365656° E,38.62226990° N,27.433657,38.622270,45.000000,Manisa,MANÝSA,56.000000,32.321400,34.785700,1.475700,34.775000,14.995200,390.000000,67.287200,77.005100,1.739700,67.892300,22.362000,636.000000,92.878900,99.429200,1.735700,83.380200,27.640100,489.000000,105.683000,109.177900,1.719400,95.327500,32.203100,118.000000,111.618600,113.025400,1.701800,107.050800,36.898400,39.000000,114.076900,114.743600,1.666700,157.853800,58.974600,108.000000,50.194400,61.490700,1.516400,34.092600,14.508400,645.000000,69.330200,87.406200,1.619300,58.931600,22.430900,2245.000000,85.486000,103.521600,1.602900,71.277800,27.717700,2507.000000,95.293600,112.688100,1.590300,82.132400,32.434100,1075.000000,103.740500,121.066000,1.581000,93.021000,37.163600,489.000000,111.889600,130.135000,1.563600,117.525700,53.697500,646.000000,4071.000000,4717.000000,1728.000000,7069.000000,8797.000000,0.373843,0.575895,0.536206,37.384259,57.589475,53.620552
36.92770393° E,37.57726008° N,36.927704,37.577260,46.000000,Kahramanmaraþ,KAHRAMANMARAÞ,1004.000000,7.297800,8.893400,1.358200,29.720400,14.895900,2006.000000,53.818000,62.223300,1.687300,62.750800,21.864700,1264.000000,87.069600,93.640000,1.715600,80.805000,27.391300,676.000000,99.420100,102.079900,1.711100,93.708600,31.957100,161.000000,105.764000,106.335400,1.707400,108.498100,37.032000,72.000000,99.472200,101.763900,1.536100,147.570800,124.058200,1288.000000,8.358700,10.667700,1.282800,23.716400,12.190500,2137.000000,52.028500,65.814200,1.583400,55.312600,21.972800,1864.000000,81.512900,97.105700,1.592300,70.148000,27.627600,2024.000000,94.644300,108.962900,1.587300,81.738100,32.403600,1187.000000,103.501300,117.639400,1.574200,92.223500,37.169700,670.000000,112.374600,127.506000,1.548600,111.272400,49.739100,909.000000,3881.000000,4790.000000,5183.000000,9170.000000,14353.000000,0.175381,0.423228,0.333728,17.538105,42.322792,33.372814
40.73778710° E,37.31228804° N,40.737787,37.312288,47.000000,Mardin,MARDÝN,107.000000,9.607500,11.775700,1.351400,30.290700,15.464500,323.000000,58.603700,68.359100,1.692700,64.459400,22.303300,202.000000,82.118800,89.346500,1.720600,81.224300,27.356600,95.000000,96.789500,100.421100,1.710700,93.328400,31.830200,32.000000,112.875000,112.625000,1.721600,108.843800,36.650900,62.000000,15.080600,13.338700,1.547300,163.016100,114.707300,111.000000,20.207200,26.270300,1.346600,29.415300,15.199700,405.000000,59.575300,78.795100,1.602800,56.735800,22.007100,388.000000,82.734500,100.881400,1.606100,70.945600,27.465800,1221.000000,108.850100,118.129400,1.606400,82.525200,31.950800,328.000000,108.862800,119.932900,1.594800,93.880800,36.867900,279.000000,51.487500,58.315400,1.531000,151.855600,73.331800,189.000000,1828.000000,2017.000000,821.000000,2732.000000,3553.000000,0.230207,0.669107,0.567689,23.020706,66.910688,56.768928
28.36262115° E,37.21596622° N,28.362621,37.215966,48.000000,Muðla,MUÐLA,4537.000000,7.853600,9.168200,1.317700,28.962300,15.903200,11683.000000,65.919600,74.231600,1.685100,64.272600,22.412600,11917.000000,87.831400,93.650800,1.718500,80.812000,27.314700,5013.000000,99.773000,101.868100,1.711900,93.900000,31.984900,1166.000000,111.720400,110.373900,1.709900,108.092700,36.902100,395.000000,118.916500,116.073400,1.589600,127.763500,74.779900,4682.000000,13.193700,17.036100,1.332900,29.805700,15.963000,12692.000000,61.903400,76.140500,1.591700,56.320800,22.116900,10080.000000,83.108200,96.223600,1.591900,69.522200,27.394600,6611.000000,94.192100,106.331600,1.579400,80.335100,32.157800,2875.000000,104.097400,116.006600,1.572400,91.980800,37.140100,1491.000000,113.998700,127.984600,1.553600,109.567300,46.828700,6574.000000,10977.000000,17551.000000,34711.000000,38431.000000,73142.000000,0.189392,0.285629,0.239958,18.939241,28.562879,23.995789
41.48897827° E,38.73219587° N,41.488978,38.732196,49.000000,Muþ,MUÞ,342.000000,9.333300,11.058500,1.344000,30.074900,15.922300,1037.000000,67.973000,82.322100,1.704900,65.524600,22.358600,634.000000,87.703500,100.608800,1.731200,81.490200,27.148700,110.000000,99.000000,103.345500,1.719300,94.036400,31.746500,18.000000,97.666700,101.444400,1.720600,107.000000,36.114000,9.000000,80.666700,84.777800,1.391100,291.333300,181.320800,382.000000,13.586400,17.293200,1.371200,31.510500,16.123700,1048.000000,65.467600,82.569700,1.609000,57.761300,22.186100,712.000000,83.316000,101.294900,1.619200,71.670400,27.297400,289.000000,97.719700,110.311400,1.600500,82.121100,32.042100,104.000000,108.182700,118.221200,1.589900,93.822100,37.088600,47.000000,101.468100,108.468100,1.490400,135.395700,65.346300,137.000000,440.000000,577.000000,2150.000000,2582.000000,4732.000000,0.063721,0.170411,0.121936,6.372093,17.041053,12.193576
34.72325927° E,38.62957600° N,34.723259,38.629576,50.000000,Nevþehir,NEVÞEHÝR,1181.000000,4.447900,5.055000,1.261900,26.935900,16.038700,1592.000000,51.321000,57.571600,1.612400,58.454500,21.801500,1648.000000,86.831900,93.318000,1.714300,80.965100,27.483100,980.000000,99.590800,102.883700,1.705200,93.752600,32.180500,250.000000,109.980000,111.200000,1.704000,107.244000,36.842500,105.000000,95.114300,98.190500,1.531100,166.114300,88.326800,1333.000000,8.708900,10.856700,1.282200,27.929100,15.955800,2260.000000,53.204900,65.968600,1.567300,54.372600,21.869100,2887.000000,84.983000,100.549000,1.598200,70.841100,27.688800,2915.000000,94.707700,109.721400,1.584300,81.533800,32.436100,1482.000000,100.914300,115.233500,1.568700,91.637700,37.174700,884.000000,107.772600,122.781700,1.533400,117.198800,55.823500,1335.000000,5281.000000,6616.000000,5756.000000,11761.000000,17517.000000,0.231932,0.449026,0.377690,23.193190,44.902644,37.769024
34.67665250° E,37.97004239° N,34.676652,37.970042,51.000000,Niðde,NÝÐDE,123.000000,6.016300,7.235800,1.312400,28.136600,15.730800,336.000000,58.967300,66.318500,1.664100,62.579500,22.211900,489.000000,85.799600,91.347600,1.713900,80.988800,27.503800,348.000000,99.856300,103.456900,1.715100,93.908000,31.864800,72.000000,107.166700,109.263900,1.710100,108.152800,36.905400,31.000000,111.032300,112.129000,1.649400,134.967700,51.696800,173.000000,10.173400,13.242800,1.303200,27.882700,15.609400,709.000000,63.352600,79.627600,1.584500,56.572800,22.401600,1280.000000,82.822700,99.539800,1.596300,70.490600,27.627400,1377.000000,93.625300,109.199700,1.581300,80.953200,32.328700,707.000000,102.087700,118.028300,1.573400,91.755400,37.017700,341.000000,108.733100,124.044000,1.539600,114.851300,50.845300,451.000000,2425.000000,2876.000000,1399.000000,4587.000000,5986.000000,0.322373,0.528668,0.480454,32.237312,52.866797,48.045439
37.87781117° E,40.98442574° N,37.877811,40.984426,52.000000,Ordu,ORDU,879.000000,9.315100,11.028400,1.351000,30.407900,15.868200,2342.000000,54.067500,61.827900,1.677900,62.953200,22.177200,2490.000000,78.746200,84.124100,1.704800,79.945000,27.448900,1349.000000,90.037100,92.358000,1.701600,92.795800,31.995700,339.000000,98.510300,97.991200,1.705500,107.692000,36.919400,173.000000,80.317900,79.832400,1.447300,205.746800,147.483400,1031.000000,16.889400,21.435500,1.364600,30.782700,15.452100,3198.000000,54.416800,68.039700,1.583600,55.626300,22.089500,3249.000000,76.056000,89.451800,1.586100,69.438500,27.556400,2977.000000,87.523300,99.452500,1.575100,80.332900,32.333900,1590.000000,94.686200,105.498100,1.565400,90.899500,37.041300,972.000000,101.431100,112.921800,1.507300,128.974600,68.818400,1861.000000,5539.000000,7400.000000,7572.000000,13017.000000,20589.000000,0.245774,0.425520,0.359415,24.577390,42.552047,35.941522
40.52051182° E,41.02384882° N,40.520512,41.023849,53.000000,Rize,RÝZE,670.000000,4.570100,5.070100,1.367800,30.857900,16.168900,1214.000000,40.730600,46.028000,1.644600,60.414300,22.012000,775.000000,82.007700,86.258100,1.715800,80.899500,27.394600,407.000000,96.366100,97.602000,1.714300,94.266700,32.029200,93.000000,107.634400,106.978500,1.692700,105.521500,36.719600,60.000000,99.750000,100.550000,1.572000,285.083300,123.849100,604.000000,11.452000,13.397400,1.384800,30.657000,15.731400,1169.000000,40.833200,49.938400,1.572900,54.037900,21.681700,742.000000,73.350400,85.498700,1.595200,69.847700,27.402400,548.000000,91.543800,102.806600,1.588100,81.257100,32.179700,289.000000,99.100300,108.308000,1.584300,93.233600,37.090100,284.000000,102.556300,108.246500,1.575600,275.019000,114.546700,560.000000,1121.000000,1681.000000,3219.000000,3636.000000,6855.000000,0.173967,0.308306,0.245222,17.396707,30.830583,24.522247
30.39998569° E,40.78055731° N,30.399986,40.780557,54.000000,Sakarya,SAKARYA,1102.000000,10.873000,12.684200,1.378900,32.073400,16.083500,2464.000000,56.002000,63.524800,1.689300,63.466200,22.036200,2131.000000,84.034700,89.913200,1.720400,81.027400,27.317600,1160.000000,96.071600,98.805200,1.719400,95.055900,32.085200,289.000000,108.287200,110.013800,1.724200,110.256100,37.001400,125.000000,102.264000,102.552000,1.527400,165.468800,99.409000,1165.000000,15.685800,19.923600,1.389200,32.293100,16.012000,3004.000000,55.289900,68.969400,1.595700,56.131700,21.937300,3135.000000,80.895700,96.253900,1.602000,70.888800,27.584700,3504.000000,93.401500,106.910400,1.592400,82.169100,32.362400,1843.000000,101.031500,115.219800,1.581800,92.987600,37.114200,1031.000000,107.606200,122.923400,1.535300,116.429500,67.032500,1574.000000,6378.000000,7952.000000,7271.000000,13682.000000,20953.000000,0.216476,0.466160,0.379516,21.647641,46.615992,37.951606
36.33806223° E,41.28983163° N,36.338062,41.289832,55.000000,Samsun,SAMSUN,2290.000000,11.392600,12.486900,1.308000,29.787600,16.076400,8376.000000,29.599800,33.001200,1.690300,64.158600,22.271600,7625.000000,39.174000,41.694300,1.712300,80.300200,27.330700,3486.000000,50.606100,51.994500,1.705900,93.192400,31.962600,817.000000,61.717300,62.138300,1.703500,107.239400,36.891300,278.000000,57.863300,58.000000,1.494300,169.917600,189.752000,2484.000000,13.622400,15.753600,1.326700,30.330600,16.104200,9437.000000,25.630800,30.736300,1.603800,56.778300,21.970400,7463.000000,37.193600,42.846000,1.593600,69.931100,27.492400,6249.000000,49.335900,55.559100,1.583600,81.039400,32.272800,3086.000000,56.932900,63.526200,1.571400,91.735100,37.093300,1866.000000,65.249700,71.660200,1.513600,133.617300,88.508300,4581.000000,11201.000000,15782.000000,22872.000000,30585.000000,53457.000000,0.200289,0.366225,0.295228,20.028856,36.622527,29.522794
41.94277964° E,37.92535991° N,41.942780,37.925360,56.000000,Siirt,SÝÝRT,20.000000,7.600000,9.250000,1.694000,70.085000,9.462600,74.000000,56.635100,66.689200,1.738800,66.881100,22.081000,65.000000,84.538500,89.415400,1.726000,82.164600,27.509600,37.000000,95.405400,94.729700,1.717600,95.489200,32.309700,8.000000,120.500000,118.250000,1.737500,112.250000,37.235600,6.000000,104.166700,112.333300,1.340000,121.666700,111.846200,40.000000,8.575000,9.400000,1.149800,12.625000,5.986700,70.000000,55.828600,69.528600,1.615600,56.932900,21.728900,88.000000,83.090900,95.772700,1.619900,72.372700,27.556400,449.000000,109.980000,117.735000,1.599200,81.892000,31.998100,127.000000,108.464600,117.378000,1.578100,92.274800,36.991000,42.000000,111.785700,121.904800,1.534300,108.666700,52.816400,51.000000,618.000000,669.000000,210.000000,816.000000,1026.000000,0.242857,0.757353,0.652047,24.285714,75.735294,65.204678
35.15196451° E,42.02687076° N,35.151965,42.026871,57.000000,Sinop,SÝNOP,37.000000,10.162200,10.648600,1.230000,24.870000,15.499300,123.000000,46.699200,53.138200,1.706800,66.164200,22.610100,78.000000,66.384600,69.064100,1.692100,79.506400,27.715900,55.000000,71.018200,72.418200,1.712500,93.781800,31.913300,15.000000,72.066700,71.600000,1.691300,105.600000,36.869400,9.000000,84.222200,87.666700,1.533300,185.000000,78.931800,43.000000,16.302300,21.279100,1.331600,29.041900,15.228400,129.000000,37.860500,49.155000,1.636100,58.928700,21.979200,84.000000,55.202400,63.631000,1.618300,72.658300,27.698000,107.000000,78.271000,88.149500,1.582700,80.947700,32.263100,60.000000,91.100000,100.833300,1.560300,89.716700,36.756100,36.000000,89.138900,99.777800,1.524200,122.944400,52.107000,79.000000,203.000000,282.000000,317.000000,459.000000,776.000000,0.249211,0.442266,0.363402,24.921136,44.226580,36.340206
37.01579997° E,39.75028773° N,37.015800,39.750288,58.000000,Sivas,SÝVAS,638.000000,4.468700,5.504700,1.217500,25.553000,16.168000,1851.000000,64.955700,74.159400,1.676900,63.967000,22.423000,2592.000000,81.361900,87.037400,1.714200,81.101300,27.545500,1565.000000,90.950800,93.843500,1.707600,93.405600,31.978800,324.000000,95.490700,96.425900,1.711300,107.938300,36.785800,84.000000,101.773800,100.821400,1.610400,138.369000,73.499900,729.000000,13.227700,17.337400,1.247200,27.073200,16.114700,2415.000000,59.409500,75.075800,1.591500,56.736600,22.219500,3730.000000,74.288500,87.334600,1.594100,70.327600,27.640400,3982.000000,84.360400,96.853100,1.580700,80.956300,32.358600,2267.000000,93.162300,105.761800,1.567800,91.413400,37.138500,1212.000000,100.485100,113.141100,1.541400,108.873500,48.702200,1973.000000,7461.000000,9434.000000,7054.000000,14335.000000,21389.000000,0.279699,0.520474,0.441068,27.969946,52.047436,44.106784
27.50939091° E,40.97555584° N,27.509391,40.975556,59.000000,Tekirdað,TEKÝRDAÐ,2283.000000,7.315800,8.632100,1.336800,30.010000,16.112300,8512.000000,65.767900,75.200000,1.709300,66.396300,22.529300,6593.000000,81.548800,89.246200,1.732400,81.503200,27.115100,2028.000000,87.440800,90.641500,1.721700,94.894100,31.955300,423.000000,93.137100,93.364100,1.714700,109.016100,36.997300,110.000000,93.263600,92.481800,1.567000,143.536400,80.689100,2461.000000,13.920800,18.022800,1.364600,31.577900,16.023500,8813.000000,61.066900,77.843500,1.611100,57.497200,22.046100,5423.000000,78.504300,95.045000,1.611800,71.155500,27.353500,3398.000000,85.502400,98.275200,1.593600,81.857700,32.193900,1522.000000,94.122900,106.104500,1.579100,92.790400,37.161100,602.000000,100.235900,112.034900,1.538200,120.910600,56.182500,2561.000000,5522.000000,8083.000000,19949.000000,22219.000000,42168.000000,0.128377,0.248526,0.191686,12.837736,24.852604,19.168564
36.55247373° E,40.31414501° N,36.552474,40.314145,60.000000,Tokat,TOKAT,362.000000,18.422700,21.508300,1.242800,26.031800,15.017100,984.000000,66.137200,74.387200,1.660500,62.635900,22.281500,1200.000000,86.046700,91.852500,1.704300,80.225300,27.550800,754.000000,97.489400,99.171100,1.701700,93.218800,32.135700,188.000000,104.659600,105.430900,1.698800,106.324500,36.769500,97.000000,107.020600,106.938100,1.565300,144.293800,387.095300,403.000000,22.759300,28.367200,1.266900,25.509200,13.737100,1262.000000,62.876400,76.752000,1.588400,56.541800,22.249500,1744.000000,81.978200,95.385300,1.590300,70.082700,27.673700,2274.000000,94.420400,105.882600,1.579800,80.921700,32.372300,1226.000000,100.699800,113.367000,1.569600,91.756500,37.181700,781.000000,106.660700,117.904000,1.516300,131.316000,71.027300,1039.000000,4281.000000,5320.000000,3585.000000,7690.000000,11275.000000,0.289819,0.556697,0.471840,28.981869,55.669701,47.184035
39.70216635° E,41.00312506° N,39.702166,41.003125,61.000000,Trabzon,TRABZON,1050.000000,13.500000,15.596200,1.393300,30.133600,15.299400,2939.000000,59.664500,69.150400,1.688700,63.999600,22.272500,2574.000000,82.141000,89.261800,1.714300,80.472200,27.334200,1100.000000,93.511800,97.382700,1.709300,93.410400,31.913100,204.000000,104.402000,105.235300,1.701200,107.071100,36.907000,164.000000,81.420700,83.561000,1.561600,419.144400,235.406500,1101.000000,17.136200,21.177100,1.382400,28.806300,14.994800,3005.000000,54.627300,69.545800,1.585200,55.586300,22.019700,2528.000000,78.678000,92.716400,1.593800,69.843400,27.454800,1913.000000,91.176700,103.434400,1.583500,81.051200,32.269000,827.000000,98.048400,109.937100,1.571600,91.854100,37.124800,561.000000,94.053500,104.666700,1.566800,236.775400,113.569700,1468.000000,3301.000000,4769.000000,8031.000000,9935.000000,17966.000000,0.182792,0.332260,0.265446,18.279168,33.225969,26.544584
39.54622318° E,39.10720683° N,39.546223,39.107207,62.000000,Tunceli,TUNCELÝ,155.000000,16.141900,19.638700,1.446400,34.667100,15.831600,963.000000,75.749700,85.403900,1.707400,66.507200,22.609600,748.000000,91.965200,99.711200,1.733900,81.308200,27.002500,182.000000,101.956000,105.511000,1.733600,95.971400,31.887900,32.000000,117.968800,117.218800,1.723100,110.437500,37.159600,14.000000,94.785700,96.928600,1.345000,114.285700,98.993700,223.000000,36.614300,47.139000,1.539500,40.257800,16.471900,1281.000000,72.948500,88.610500,1.617900,58.073600,22.122600,711.000000,85.686400,100.822800,1.616500,71.074400,27.156600,288.000000,94.767400,108.479200,1.594800,81.656100,32.070000,81.000000,108.185200,117.518500,1.590200,94.185200,37.206400,39.000000,101.846200,114.051300,1.388200,122.141000,129.558500,228.000000,408.000000,636.000000,2094.000000,2623.000000,4717.000000,0.108883,0.155547,0.134831,10.888252,15.554708,13.483146
38.78603793° E,37.15359456° N,38.786038,37.153595,63.000000,Þanlýurfa,ÞANLIURFA,2151.000000,3.113000,3.647600,1.148200,21.959300,15.445200,2576.000000,50.449900,58.571000,1.611900,59.562700,22.094000,1564.000000,76.106800,83.282000,1.721800,81.140900,27.289700,735.000000,90.729300,93.208200,1.720500,94.829700,31.973000,173.000000,98.901700,98.913300,1.707500,107.699400,36.870000,81.000000,87.839500,89.987700,1.513200,207.069100,142.843700,2172.000000,5.246800,6.496800,1.149300,21.803100,15.209500,3127.000000,52.090500,64.396500,1.562000,54.418000,21.893100,2414.000000,78.083700,92.361200,1.605700,70.982800,27.496600,1896.000000,88.843900,101.499500,1.592400,81.942700,32.275300,976.000000,100.611700,112.190600,1.581300,92.930900,37.105900,539.000000,106.664200,119.113200,1.505400,111.269000,54.773300,989.000000,3411.000000,4400.000000,7280.000000,11124.000000,18404.000000,0.135852,0.306634,0.239078,13.585165,30.663430,23.907846
29.40225099° E,38.67029295° N,29.402251,38.670293,64.000000,Uþak,UÞAK,798.000000,10.038800,11.908500,1.442000,34.643400,16.010900,2364.000000,60.079900,69.058800,1.694700,63.951300,22.121500,2052.000000,86.299200,92.543900,1.713200,80.220500,27.279800,1000.000000,98.135000,100.268000,1.702800,92.472000,31.832900,232.000000,106.784500,105.487100,1.695000,106.124100,36.843500,92.000000,109.652200,107.184800,1.556800,201.254300,142.373500,877.000000,20.252000,26.361500,1.452800,35.336700,16.181800,3005.000000,58.522100,73.928800,1.595000,55.792600,21.874500,2214.000000,81.872200,95.593000,1.584900,69.228100,27.519400,2084.000000,94.127200,106.534100,1.578000,80.440300,32.262200,1080.000000,102.000900,113.439800,1.562800,90.953000,37.184700,562.000000,106.782900,119.258000,1.517400,155.941100,241.784200,1324.000000,3726.000000,5050.000000,6538.000000,9822.000000,16360.000000,0.202508,0.379352,0.308680,20.250841,37.935247,30.867971
43.39540891° E,38.50163730° N,43.395409,38.501637,65.000000,Van,VAN,90.000000,6.911100,8.200000,1.146800,16.761100,10.278300,363.000000,59.402200,68.876000,1.727200,66.300300,22.126200,186.000000,77.236600,84.365600,1.713000,79.305900,26.954400,47.000000,82.063800,85.489400,1.684500,91.351100,32.027500,2.000000,114.000000,110.000000,1.745000,112.000000,36.813400,10.000000,77.800000,86.600000,1.524000,353.500000,143.524800,95.000000,17.589500,21.294700,1.230200,20.490500,10.259900,224.000000,54.741100,68.151800,1.618800,58.216500,22.145300,101.000000,68.247500,82.495000,1.600800,69.701000,27.119300,61.000000,80.918000,91.262300,1.596200,81.636100,31.990500,30.000000,89.933300,99.766700,1.563300,89.533300,36.563200,41.000000,69.512200,69.780500,1.487300,137.804900,69.671700,59.000000,132.000000,191.000000,698.000000,552.000000,1250.000000,0.084527,0.239130,0.152800,8.452722,23.913043,15.280000
34.80762324° E,39.82322197° N,34.807623,39.823222,66.000000,Yozgat,YOZGAT,1352.000000,7.172300,7.282500,1.100200,20.951500,15.864100,2109.000000,54.392600,62.026100,1.629400,60.552100,22.124600,2748.000000,76.269300,81.734400,1.702100,79.790800,27.497800,1619.000000,87.250800,89.905500,1.686700,91.058700,31.951600,376.000000,96.026600,96.593100,1.681900,104.355100,36.814500,95.000000,100.547400,100.452600,1.487300,135.200000,87.199900,1515.000000,11.427700,13.277200,1.134400,21.682100,15.496500,3246.000000,58.187300,72.235700,1.567500,55.132600,22.135700,3437.000000,75.746300,89.416900,1.582500,69.218400,27.596700,3726.000000,86.645500,98.687900,1.570200,80.081300,32.440400,2188.000000,93.978100,106.095500,1.556700,90.225600,37.172700,1142.000000,103.132200,116.498200,1.527200,111.253500,54.469400,2090.000000,7056.000000,9146.000000,8299.000000,15254.000000,23553.000000,0.251838,0.462567,0.388316,25.183757,46.256720,38.831571
31.78191540° E,41.45203209° N,31.781915,41.452032,67.000000,Zonguldak,ZONGULDAK,518.000000,9.579200,11.252900,1.400900,32.886100,16.166800,1071.000000,51.441600,58.901000,1.677600,62.624500,22.032000,880.000000,81.571600,88.908000,1.715200,80.495900,27.280200,384.000000,97.349000,101.322900,1.714000,94.006800,31.939400,81.000000,111.407400,111.172800,1.700400,106.801200,36.882500,24.000000,95.708300,89.041700,1.577100,128.958300,61.380200,511.000000,14.158500,18.223100,1.405800,32.990400,16.139000,1291.000000,53.982200,67.150300,1.585500,55.098600,21.792100,855.000000,79.840900,94.134500,1.595800,70.035000,27.452000,704.000000,94.255700,107.362200,1.584500,81.059400,32.241000,355.000000,105.095800,116.988700,1.570200,91.583700,37.099000,219.000000,111.547900,123.849300,1.531400,112.835600,53.140100,489.000000,1278.000000,1767.000000,2958.000000,3935.000000,6893.000000,0.165314,0.324778,0.256347,16.531440,32.477764,25.634702
34.02709787° E,38.37134316° N,34.027098,38.371343,68.000000,Aksaray,AKSARAY,736.000000,7.756800,9.133200,1.384400,31.927400,16.067400,1737.000000,57.615400,66.129000,1.685200,63.406200,22.098600,1209.000000,85.808900,93.751000,1.721000,80.890900,27.240300,470.000000,98.959600,102.408500,1.708300,93.017000,31.804100,114.000000,113.070200,114.596500,1.705600,107.727200,36.943700,35.000000,108.971400,101.742900,1.324600,113.948600,87.402900,806.000000,10.607900,13.148900,1.378800,31.350500,15.886400,1746.000000,54.329900,67.451900,1.584300,54.892900,21.749100,1189.000000,82.082400,97.665300,1.593000,69.715900,27.431000,875.000000,93.478900,107.833100,1.575000,80.256700,32.290300,463.000000,105.002200,118.851000,1.565200,91.024000,37.089200,278.000000,110.118700,125.064700,1.509000,107.068700,150.065400,619.000000,1616.000000,2235.000000,4301.000000,5357.000000,9658.000000,0.143920,0.301661,0.231414,14.392002,30.166138,23.141437
40.22508849° E,40.25809710° N,40.225088,40.258097,69.000000,Bayburt,BAYBURT,7.000000,17.857100,18.571400,1.481400,25.928600,12.315800,39.000000,51.948700,57.435900,1.707900,64.241000,21.901600,27.000000,73.777800,78.777800,1.680400,77.596300,27.357700,12.000000,76.500000,80.333300,1.661700,90.166700,32.567900,11.000000,98.454500,99.181800,1.682700,101.818200,35.931500,5.000000,109.400000,111.600000,1.654000,213.600000,80.481000,9.000000,27.333300,35.666700,1.557800,37.777800,15.104100,33.000000,44.787900,54.909100,1.581800,55.763600,21.866200,30.000000,75.033300,83.533300,1.627700,73.413300,27.639600,64.000000,88.250000,93.937500,1.605000,83.201600,32.229500,80.000000,98.925000,103.012500,1.656700,100.222500,36.498500,24.000000,96.500000,99.708300,1.429200,130.041700,69.013700,28.000000,168.000000,196.000000,101.000000,240.000000,341.000000,0.277228,0.700000,0.574780,27.722772,70.000000,57.478006
33.21598510° E,37.18275022° N,33.215985,37.182750,70.000000,Karaman,KARAMAN,84.000000,29.619000,29.297600,1.430100,27.973000,13.808800,184.000000,53.826100,62.826100,1.679000,62.426600,21.964900,168.000000,79.202400,87.910700,1.704400,79.078000,27.143700,100.000000,97.160000,99.510000,1.705700,93.130000,31.939500,30.000000,106.100000,106.833300,1.692000,106.966700,37.287400,23.000000,90.826100,90.739100,1.458700,139.478300,128.711400,129.000000,40.496100,42.682200,1.433100,21.749000,11.008000,248.000000,51.314500,65.197600,1.588300,55.697200,21.949400,254.000000,81.078700,96.755900,1.593200,69.989000,27.531000,288.000000,92.173600,107.468800,1.580000,80.689900,32.282500,168.000000,102.506000,116.744000,1.585400,93.650000,37.204400,136.000000,110.897100,117.705900,1.574000,205.558800,86.638000,153.000000,592.000000,745.000000,589.000000,1223.000000,1812.000000,0.259762,0.484056,0.411148,25.976231,48.405560,41.114790
33.50399373° E,39.83995854° N,33.503994,39.839959,71.000000,Kýrýkkale,KIRIKKALE,171.000000,3.222200,3.736800,1.183800,20.359600,12.234500,356.000000,26.238800,29.443800,1.697800,64.633100,22.164200,377.000000,43.275900,45.795800,1.721700,81.385100,27.417200,167.000000,63.868300,65.616800,1.717200,94.673700,32.063400,33.000000,62.484800,60.787900,1.711200,109.060600,37.202100,18.000000,95.666700,103.055600,1.593900,123.388900,61.523200,225.000000,4.235600,5.377800,1.231800,22.624000,12.445700,381.000000,29.845100,37.131200,1.583000,55.091900,21.793700,407.000000,59.125300,69.643700,1.598800,70.879400,27.698800,461.000000,74.451200,85.188700,1.586300,81.414300,32.316700,270.000000,86.422200,98.185200,1.574200,92.303700,37.188600,180.000000,97.305600,109.366700,1.522400,105.027800,47.963200,218.000000,911.000000,1129.000000,1122.000000,1924.000000,3046.000000,0.194296,0.473493,0.370650,19.429590,47.349272,37.065003
41.11442347° E,37.87676170° N,41.114423,37.876762,72.000000,Batman,BATMAN,120.000000,4.825000,6.858300,1.294700,28.535800,16.317600,210.000000,52.533300,60.081000,1.643600,60.158600,21.788700,160.000000,83.950000,89.075000,1.721800,81.857500,27.544500,93.000000,104.043000,104.505400,1.707600,93.850500,32.124300,16.000000,108.062500,105.500000,1.680600,104.218700,36.478000,13.000000,73.153800,82.769200,1.344600,270.030800,184.757900,144.000000,5.069400,5.930600,1.266000,26.512500,15.868300,255.000000,61.235300,74.870600,1.595400,56.718800,22.123000,245.000000,82.946900,96.518400,1.598400,70.420800,27.526000,264.000000,96.405300,109.219700,1.590000,81.566700,32.242300,129.000000,105.845000,119.542600,1.574100,92.248800,37.160800,86.000000,108.151200,121.127900,1.541900,109.664000,47.265400,122.000000,479.000000,601.000000,612.000000,1123.000000,1735.000000,0.199346,0.426536,0.346398,19.934641,42.653606,34.639769
42.45675607° E,37.52225849° N,42.456756,37.522258,73.000000,Þýrnak,ÞIRNAK,42.000000,7.309500,8.166700,1.303100,27.381000,15.474400,148.000000,60.175700,68.729700,1.700500,64.047300,21.990700,80.000000,77.875000,85.137500,1.731000,80.725000,26.868300,32.000000,88.156300,95.031300,1.725000,95.875000,32.156600,9.000000,120.000000,120.444400,1.695600,107.000000,37.169200,23.000000,17.304300,18.043500,1.623900,216.391300,80.079700,32.000000,22.000000,27.000000,1.442800,35.500000,16.274600,106.000000,52.528300,66.820800,1.594600,56.224500,22.019600,40.000000,82.450000,97.400000,1.590200,68.612500,27.155500,192.000000,109.895800,117.843800,1.596700,81.367700,31.891500,59.000000,111.949200,119.576300,1.587100,93.467800,37.039400,66.000000,28.666700,31.257600,1.586800,161.497000,63.828600,64.000000,317.000000,381.000000,334.000000,495.000000,829.000000,0.191617,0.640404,0.459590,19.161677,64.040404,45.958987
32.33739466° E,41.63366211° N,32.337395,41.633662,74.000000,Bartýn,BARTIN,900.000000,5.003300,5.608900,1.248400,25.886700,15.946600,1268.000000,39.633300,45.543400,1.660300,62.041600,22.100800,1073.000000,50.890000,55.701800,1.712300,80.602100,27.410500,548.000000,61.879600,64.469000,1.705600,92.886500,31.872400,135.000000,61.770400,62.540700,1.705400,107.592600,36.935300,55.000000,58.709100,57.690900,1.437100,125.709100,155.312300,955.000000,7.919400,9.662800,1.265500,26.373600,15.780800,1889.000000,40.373200,49.219200,1.593800,57.009800,22.166200,1308.000000,46.762200,55.035200,1.590600,69.505500,27.436300,1078.000000,58.195700,65.802400,1.580500,80.765800,32.285500,543.000000,65.839800,73.263400,1.571400,91.820400,37.123300,341.000000,69.193500,75.671600,1.478700,114.259500,109.168700,738.000000,1962.000000,2700.000000,3979.000000,6114.000000,10093.000000,0.185474,0.320903,0.267512,18.547374,32.090285,26.751214
42.70139050° E,41.11365646° N,42.701391,41.113656,75.000000,Ardahan,ARDAHAN,127.000000,3.566900,4.149600,0.929100,14.863100,15.796900,211.000000,65.317500,74.511800,1.609700,60.471100,22.323800,252.000000,89.515900,96.428600,1.705000,79.587300,27.303800,105.000000,98.914300,102.181000,1.693100,91.504800,31.858600,26.000000,108.538500,108.423100,1.618800,97.596200,36.416700,11.000000,103.272700,101.818200,1.449100,193.727300,128.438400,146.000000,11.369900,14.623300,0.995500,18.371200,15.772400,324.000000,64.540100,82.898100,1.564500,55.358600,22.155500,232.000000,83.694000,99.724100,1.598900,70.282300,27.467400,161.000000,93.540400,106.552800,1.578800,80.695700,32.322800,69.000000,99.652200,113.275400,1.574200,91.394200,36.816700,32.000000,109.906300,122.843800,1.497200,111.218800,63.249400,142.000000,262.000000,404.000000,732.000000,964.000000,1696.000000,0.193989,0.271784,0.238208,19.398907,27.178423,23.820755
44.04550456° E,39.92294370° N,44.045505,39.922944,76.000000,Iðdýr,IÐDIR,10.000000,27.000000,30.100000,1.418000,31.550000,13.210200,60.000000,63.833300,69.533300,1.692800,65.541700,22.666500,43.000000,69.418600,76.302300,1.724200,80.151200,26.930200,17.000000,67.352900,68.411800,1.672400,92.117600,32.764400,3.000000,99.000000,95.333300,1.616700,95.333300,36.004300,6.000000,77.000000,75.000000,1.441700,131.000000,71.158700,19.000000,53.789500,66.263200,1.597900,40.821100,15.011500,68.000000,56.808800,67.720600,1.596800,56.779400,22.214300,32.000000,79.281300,95.406300,1.573400,68.000000,27.278400,34.000000,95.352900,107.941200,1.617100,84.323500,32.168200,19.000000,102.052600,118.578900,1.612100,95.000000,36.472300,19.000000,105.157900,107.368400,1.377900,174.105300,157.271200,26.000000,72.000000,98.000000,139.000000,191.000000,330.000000,0.187050,0.376963,0.296970,18.705036,37.696335,29.696970
29.27108119° E,40.65554242° N,29.271081,40.655542,77.000000,Yalova,YALOVA,210.000000,7.709500,9.204800,1.421400,34.390000,16.333000,700.000000,51.342900,58.825700,1.695100,64.642400,22.269500,682.000000,74.296200,81.159800,1.730400,81.624000,27.197900,269.000000,86.765800,91.717500,1.728000,95.415200,31.907700,55.000000,77.436400,78.945500,1.721300,109.909100,37.032900,24.000000,70.833300,72.041700,1.642500,142.416700,63.179900,251.000000,15.960200,20.940200,1.450400,35.489200,16.251000,847.000000,50.881900,64.140500,1.605400,57.132700,22.076000,592.000000,67.403700,80.672300,1.608000,70.898100,27.388100,422.000000,77.888600,89.206200,1.590100,81.344500,32.129600,197.000000,85.329900,96.335000,1.575400,92.147200,37.071500,92.000000,66.826100,76.065200,1.467600,116.565200,96.072500,348.000000,711.000000,1059.000000,1940.000000,2401.000000,4341.000000,0.179381,0.296127,0.243953,17.938144,29.612661,24.395301
32.60845460° E,41.19591663° N,32.608455,41.195917,78.000000,Karabük,KARABÜK,359.000000,14.186600,16.807800,1.432600,34.674400,16.221400,1528.000000,67.717300,78.099500,1.700400,64.682200,22.229000,1428.000000,88.215000,94.924400,1.720000,81.170400,27.386000,632.000000,101.281600,104.167700,1.713900,94.274500,32.043100,148.000000,108.243200,107.729700,1.709500,108.135100,36.922600,32.000000,109.093800,110.187500,1.509100,160.562500,121.648700,467.000000,23.182000,30.462500,1.445300,35.260200,16.322400,1658.000000,63.545200,79.940900,1.599000,56.228300,21.912600,1430.000000,83.679700,97.679700,1.600400,70.536600,27.496800,1086.000000,95.219200,107.437400,1.589300,81.627900,32.273400,501.000000,103.109800,115.562900,1.578500,92.873700,37.222600,240.000000,113.095800,126.029200,1.531900,113.707500,54.376500,812.000000,1827.000000,2639.000000,4127.000000,5382.000000,9509.000000,0.196753,0.339465,0.277527,19.675309,33.946488,27.752655
37.11333479° E,36.71557647° N,37.113335,36.715576,79.000000,Kilis,KÝLÝS,400.000000,5.380000,6.385000,1.124000,22.155200,16.069300,442.000000,54.739800,65.339400,1.645500,61.728100,22.233400,304.000000,80.894700,91.852000,1.709700,80.049300,27.327800,100.000000,94.140000,102.790000,1.719800,94.828000,31.994700,22.000000,106.454500,115.818200,1.711400,108.027300,36.848000,13.000000,71.384600,82.615400,1.523100,222.384600,83.131200,436.000000,5.009200,6.332600,1.156000,20.581800,15.428000,400.000000,55.235000,70.920000,1.555500,53.769600,21.799600,322.000000,85.751600,105.776400,1.607000,70.738500,27.371700,163.000000,95.901800,115.411000,1.599100,82.575500,32.252200,93.000000,102.655900,120.043000,1.564500,90.425800,36.909000,47.000000,105.659600,121.702100,1.470000,118.980900,64.074900,135.000000,303.000000,438.000000,1281.000000,1461.000000,2742.000000,0.105386,0.207392,0.159737,10.538642,20.739220,15.973742
36.24845486° E,37.07503179° N,36.248455,37.075032,80.000000,Osmaniye,OSMANÝYE,24.000000,8.333300,9.500000,1.268800,23.291700,12.612600,144.000000,57.972200,67.881900,1.665200,62.920100,22.284500,144.000000,82.097200,87.944400,1.717400,81.319400,27.472300,141.000000,72.269500,73.992900,1.728900,96.162400,32.127200,46.000000,64.043500,65.304300,1.727000,110.891300,37.133700,17.000000,76.117600,72.235300,1.611200,128.176500,58.664000,60.000000,27.450000,36.566700,1.298000,26.960000,13.574800,174.000000,56.494300,71.505700,1.595800,56.623600,22.155400,206.000000,74.893200,86.810700,1.605500,71.341300,27.638300,307.000000,70.065100,78.390900,1.607700,83.651100,32.321900,158.000000,71.626600,79.341800,1.586800,93.996800,37.274200,149.000000,75.704700,85.879200,1.529900,116.664400,61.778100,204.000000,614.000000,818.000000,516.000000,1054.000000,1570.000000,0.395349,0.582543,0.521019,39.534884,58.254269,52.101911
31.16386136° E,40.83947627° N,31.163861,40.839476,81.000000,Düzce,DÜZCE,116.000000,14.413800,17.155200,1.444700,35.136200,16.060700,428.000000,56.892500,64.504700,1.693800,64.129000,22.201900,360.000000,78.725000,84.786100,1.725800,81.508900,27.299100,202.000000,91.207900,93.247500,1.710700,94.357400,32.065900,42.000000,104.857100,103.833300,1.743100,113.638100,37.335500,30.000000,100.633300,101.066700,1.639000,158.833300,58.506000,142.000000,22.316900,28.866200,1.431000,33.482000,15.775600,471.000000,53.794100,68.174100,1.602200,56.523400,21.915800,473.000000,74.179700,88.797000,1.598700,70.381500,27.501400,479.000000,85.887300,99.878900,1.591000,82.059700,32.368800,248.000000,94.169400,106.564500,1.588700,93.597600,37.025000,192.000000,104.635400,118.817700,1.537700,107.595800,47.292900,274.000000,919.000000,1193.000000,1178.000000,2005.000000,3183.000000,0.232598,0.458354,0.374804,23.259762,45.835411,37.480364
